Configuration,Faithfulness,Context Precision,Context Recall,Answer Relevancy
Dense only,"[1.0, 1.0, 1.0, 1.0, 1.0, 1.0, 0.0, 1.0, 1.0, 0.0]","[0.99999999995, 0.8055555555287036, 0.99999999995, 0.9999999999, 0.99999999995, 0.9999999999666667, 0.8333333332916666, 0.9999999999, 0.9999999999, 0.7499999999625]","[1.0, 1.0, 1.0, 1.0, 1.0, 1.0, 1.0, 1.0, 1.0, 1.0]","[0.9336060134463929, 0.9120727837236146, 0.9800077441949258, 0.8669650409179824, 0.8709598979018107, 0.9383552930698505, 0.76619436339598, 0.0, 1.0, 0.9432396842364442]"
Dense + Cohere rerank,"[1.0, 1.0, 1.0, 1.0, 1.0, 1.0, 1.0, 1.0, 1.0, 0.0]","[0.9999999999666667, 0.7499999999625, 0.99999999995, 0.9999999999, 0.99999999995, 0.9999999999666667, 0.99999999995, 0.9999999999, 0.9999999999, 0.9166666666361111]","[1.0, 1.0, 1.0, 1.0, 1.0, 1.0, 1.0, 1.0, 1.0, 1.0]","[0.9335998879358862, 0.9120939928925498, 1.0, 0.8712244950394284, 0.8718131393050553, 0.9577923957871082, 0.7662356283236699, 0.0, 0.9999996368130953, 0.9432607030421268]"
